asv_id_alias	barcode_sequence	kingdom	phylum	class	order	family	genus	specific_epithet	infraspecific_epithet	otu	event_id_alias	organism_quantity
seq_1	TCGAGAATTTTTCACAATGGGGGAAACCCTGATGGAGCGACGCCGCGTGGAGGATGAAGGTTTTCGGATTGTAAACTCCTGTCATTAGAGAACAAGGCACATGGTTTAACTGGCCGTGTGTTGATAGTATCTGAAGAGGAAGGGACGGCTAACTCTGTGCCAGCAGCCGCGGTAATACAGAGGTCTCAAGCGTTGTTCGGATTCATTGGGCGTAAAGGGTGCGTAGGTGGCGAGGTAAGTCGGATGTGAAATCTCCAAGCTCAACTTGGAAACTGCATTCGATACTGCTTTGCTAGAGGATTGTAGAGGGCATTGGAATTCACGGTGTAGCAGTGAAATGCGTAGATATCGTGAGGAAGACCAGTGGCGAAGGCGAATGCCTGGGCAATTCCTGACACTGAGGCACGAAGGCCAGGGGAGCAAACG	Bacteria	Verrucomicrobia	Spartobacteria	Spartobacteria_genera_incertae_sedis	Spartobacteria_genera_incertae_sedis	Spartobacteria_genera_incertae_sedis				SMHIFiltrated16S10	1747
seq_10	TGGGGAATATTGGGCAATGGAGGAAACTCTGACCCAGCGACGCCGCGTGCGGGATGAAGGCCTTCGGGTTGTAAACCGCTTTCAGCAGGGAAGAAGCGAAAGTGACGGTACCTGCAGAAGAAGCACCGGCTAACTATGTGCCAGCAGCCGCGGTAATACATAGGGTGCAAGCGTTGTCCGGAATTATTGGGCGTAAAGAGCTCGTAGGTGGTTCGTCACGTCGGATGTGAAACTCTGGGGCTTAACCCCAGACCTGCATTCGATACGGGCGAGCTTGAGTATGGTAGGGGAGTCTGGAATTCCTGGTGTAGCGGTGGAATGCGCAGATATCAGGAGGAACACCAATGGCGAAGGCAGGACTCTGGGCCATTACTGACACTGAGGAGCGAAAGCGTGGGGAGCGAACA	Bacteria	Actinobacteria	Actinobacteria	Actinomycetales						SMHIFiltrated16S10	419
seq_1	TCGAGAATTTTTCACAATGGGGGAAACCCTGATGGAGCGACGCCGCGTGGAGGATGAAGGTTTTCGGATTGTAAACTCCTGTCATTAGAGAACAAGGCACATGGTTTAACTGGCCGTGTGTTGATAGTATCTGAAGAGGAAGGGACGGCTAACTCTGTGCCAGCAGCCGCGGTAATACAGAGGTCTCAAGCGTTGTTCGGATTCATTGGGCGTAAAGGGTGCGTAGGTGGCGAGGTAAGTCGGATGTGAAATCTCCAAGCTCAACTTGGAAACTGCATTCGATACTGCTTTGCTAGAGGATTGTAGAGGGCATTGGAATTCACGGTGTAGCAGTGAAATGCGTAGATATCGTGAGGAAGACCAGTGGCGAAGGCGAATGCCTGGGCAATTCCTGACACTGAGGCACGAAGGCCAGGGGAGCAAACG	Bacteria	Verrucomicrobia	Spartobacteria	Spartobacteria_genera_incertae_sedis	Spartobacteria_genera_incertae_sedis	Spartobacteria_genera_incertae_sedis				SMHIFiltrated16S11	1656
seq_10	TGGGGAATATTGGGCAATGGAGGAAACTCTGACCCAGCGACGCCGCGTGCGGGATGAAGGCCTTCGGGTTGTAAACCGCTTTCAGCAGGGAAGAAGCGAAAGTGACGGTACCTGCAGAAGAAGCACCGGCTAACTATGTGCCAGCAGCCGCGGTAATACATAGGGTGCAAGCGTTGTCCGGAATTATTGGGCGTAAAGAGCTCGTAGGTGGTTCGTCACGTCGGATGTGAAACTCTGGGGCTTAACCCCAGACCTGCATTCGATACGGGCGAGCTTGAGTATGGTAGGGGAGTCTGGAATTCCTGGTGTAGCGGTGGAATGCGCAGATATCAGGAGGAACACCAATGGCGAAGGCAGGACTCTGGGCCATTACTGACACTGAGGAGCGAAAGCGTGGGGAGCGAACA	Bacteria	Actinobacteria	Actinobacteria	Actinomycetales						SMHIFiltrated16S11	238
seq_1	TCGAGAATTTTTCACAATGGGGGAAACCCTGATGGAGCGACGCCGCGTGGAGGATGAAGGTTTTCGGATTGTAAACTCCTGTCATTAGAGAACAAGGCACATGGTTTAACTGGCCGTGTGTTGATAGTATCTGAAGAGGAAGGGACGGCTAACTCTGTGCCAGCAGCCGCGGTAATACAGAGGTCTCAAGCGTTGTTCGGATTCATTGGGCGTAAAGGGTGCGTAGGTGGCGAGGTAAGTCGGATGTGAAATCTCCAAGCTCAACTTGGAAACTGCATTCGATACTGCTTTGCTAGAGGATTGTAGAGGGCATTGGAATTCACGGTGTAGCAGTGAAATGCGTAGATATCGTGAGGAAGACCAGTGGCGAAGGCGAATGCCTGGGCAATTCCTGACACTGAGGCACGAAGGCCAGGGGAGCAAACG	Bacteria	Verrucomicrobia	Spartobacteria	Spartobacteria_genera_incertae_sedis	Spartobacteria_genera_incertae_sedis	Spartobacteria_genera_incertae_sedis				SMHIFiltrated16S12	7138
seq_10	TGGGGAATATTGGGCAATGGAGGAAACTCTGACCCAGCGACGCCGCGTGCGGGATGAAGGCCTTCGGGTTGTAAACCGCTTTCAGCAGGGAAGAAGCGAAAGTGACGGTACCTGCAGAAGAAGCACCGGCTAACTATGTGCCAGCAGCCGCGGTAATACATAGGGTGCAAGCGTTGTCCGGAATTATTGGGCGTAAAGAGCTCGTAGGTGGTTCGTCACGTCGGATGTGAAACTCTGGGGCTTAACCCCAGACCTGCATTCGATACGGGCGAGCTTGAGTATGGTAGGGGAGTCTGGAATTCCTGGTGTAGCGGTGGAATGCGCAGATATCAGGAGGAACACCAATGGCGAAGGCAGGACTCTGGGCCATTACTGACACTGAGGAGCGAAAGCGTGGGGAGCGAACA	Bacteria	Actinobacteria	Actinobacteria	Actinomycetales						SMHIFiltrated16S12	424
seq_1	TCGAGAATTTTTCACAATGGGGGAAACCCTGATGGAGCGACGCCGCGTGGAGGATGAAGGTTTTCGGATTGTAAACTCCTGTCATTAGAGAACAAGGCACATGGTTTAACTGGCCGTGTGTTGATAGTATCTGAAGAGGAAGGGACGGCTAACTCTGTGCCAGCAGCCGCGGTAATACAGAGGTCTCAAGCGTTGTTCGGATTCATTGGGCGTAAAGGGTGCGTAGGTGGCGAGGTAAGTCGGATGTGAAATCTCCAAGCTCAACTTGGAAACTGCATTCGATACTGCTTTGCTAGAGGATTGTAGAGGGCATTGGAATTCACGGTGTAGCAGTGAAATGCGTAGATATCGTGAGGAAGACCAGTGGCGAAGGCGAATGCCTGGGCAATTCCTGACACTGAGGCACGAAGGCCAGGGGAGCAAACG	Bacteria	Verrucomicrobia	Spartobacteria	Spartobacteria_genera_incertae_sedis	Spartobacteria_genera_incertae_sedis	Spartobacteria_genera_incertae_sedis				SMHIFiltrated16S13	11377
seq_10	TGGGGAATATTGGGCAATGGAGGAAACTCTGACCCAGCGACGCCGCGTGCGGGATGAAGGCCTTCGGGTTGTAAACCGCTTTCAGCAGGGAAGAAGCGAAAGTGACGGTACCTGCAGAAGAAGCACCGGCTAACTATGTGCCAGCAGCCGCGGTAATACATAGGGTGCAAGCGTTGTCCGGAATTATTGGGCGTAAAGAGCTCGTAGGTGGTTCGTCACGTCGGATGTGAAACTCTGGGGCTTAACCCCAGACCTGCATTCGATACGGGCGAGCTTGAGTATGGTAGGGGAGTCTGGAATTCCTGGTGTAGCGGTGGAATGCGCAGATATCAGGAGGAACACCAATGGCGAAGGCAGGACTCTGGGCCATTACTGACACTGAGGAGCGAAAGCGTGGGGAGCGAACA	Bacteria	Actinobacteria	Actinobacteria	Actinomycetales						SMHIFiltrated16S13	541
seq_1	TCGAGAATTTTTCACAATGGGGGAAACCCTGATGGAGCGACGCCGCGTGGAGGATGAAGGTTTTCGGATTGTAAACTCCTGTCATTAGAGAACAAGGCACATGGTTTAACTGGCCGTGTGTTGATAGTATCTGAAGAGGAAGGGACGGCTAACTCTGTGCCAGCAGCCGCGGTAATACAGAGGTCTCAAGCGTTGTTCGGATTCATTGGGCGTAAAGGGTGCGTAGGTGGCGAGGTAAGTCGGATGTGAAATCTCCAAGCTCAACTTGGAAACTGCATTCGATACTGCTTTGCTAGAGGATTGTAGAGGGCATTGGAATTCACGGTGTAGCAGTGAAATGCGTAGATATCGTGAGGAAGACCAGTGGCGAAGGCGAATGCCTGGGCAATTCCTGACACTGAGGCACGAAGGCCAGGGGAGCAAACG	Bacteria	Verrucomicrobia	Spartobacteria	Spartobacteria_genera_incertae_sedis	Spartobacteria_genera_incertae_sedis	Spartobacteria_genera_incertae_sedis				SMHIFiltrated16S14	7291
seq_10	TGGGGAATATTGGGCAATGGAGGAAACTCTGACCCAGCGACGCCGCGTGCGGGATGAAGGCCTTCGGGTTGTAAACCGCTTTCAGCAGGGAAGAAGCGAAAGTGACGGTACCTGCAGAAGAAGCACCGGCTAACTATGTGCCAGCAGCCGCGGTAATACATAGGGTGCAAGCGTTGTCCGGAATTATTGGGCGTAAAGAGCTCGTAGGTGGTTCGTCACGTCGGATGTGAAACTCTGGGGCTTAACCCCAGACCTGCATTCGATACGGGCGAGCTTGAGTATGGTAGGGGAGTCTGGAATTCCTGGTGTAGCGGTGGAATGCGCAGATATCAGGAGGAACACCAATGGCGAAGGCAGGACTCTGGGCCATTACTGACACTGAGGAGCGAAAGCGTGGGGAGCGAACA	Bacteria	Actinobacteria	Actinobacteria	Actinomycetales						SMHIFiltrated16S14	1294
seq_1	TCGAGAATTTTTCACAATGGGGGAAACCCTGATGGAGCGACGCCGCGTGGAGGATGAAGGTTTTCGGATTGTAAACTCCTGTCATTAGAGAACAAGGCACATGGTTTAACTGGCCGTGTGTTGATAGTATCTGAAGAGGAAGGGACGGCTAACTCTGTGCCAGCAGCCGCGGTAATACAGAGGTCTCAAGCGTTGTTCGGATTCATTGGGCGTAAAGGGTGCGTAGGTGGCGAGGTAAGTCGGATGTGAAATCTCCAAGCTCAACTTGGAAACTGCATTCGATACTGCTTTGCTAGAGGATTGTAGAGGGCATTGGAATTCACGGTGTAGCAGTGAAATGCGTAGATATCGTGAGGAAGACCAGTGGCGAAGGCGAATGCCTGGGCAATTCCTGACACTGAGGCACGAAGGCCAGGGGAGCAAACG	Bacteria	Verrucomicrobia	Spartobacteria	Spartobacteria_genera_incertae_sedis	Spartobacteria_genera_incertae_sedis	Spartobacteria_genera_incertae_sedis				SMHIFiltrated16S15	5862
seq_10	TGGGGAATATTGGGCAATGGAGGAAACTCTGACCCAGCGACGCCGCGTGCGGGATGAAGGCCTTCGGGTTGTAAACCGCTTTCAGCAGGGAAGAAGCGAAAGTGACGGTACCTGCAGAAGAAGCACCGGCTAACTATGTGCCAGCAGCCGCGGTAATACATAGGGTGCAAGCGTTGTCCGGAATTATTGGGCGTAAAGAGCTCGTAGGTGGTTCGTCACGTCGGATGTGAAACTCTGGGGCTTAACCCCAGACCTGCATTCGATACGGGCGAGCTTGAGTATGGTAGGGGAGTCTGGAATTCCTGGTGTAGCGGTGGAATGCGCAGATATCAGGAGGAACACCAATGGCGAAGGCAGGACTCTGGGCCATTACTGACACTGAGGAGCGAAAGCGTGGGGAGCGAACA	Bacteria	Actinobacteria	Actinobacteria	Actinomycetales						SMHIFiltrated16S15	2085
seq_1	TCGAGAATTTTTCACAATGGGGGAAACCCTGATGGAGCGACGCCGCGTGGAGGATGAAGGTTTTCGGATTGTAAACTCCTGTCATTAGAGAACAAGGCACATGGTTTAACTGGCCGTGTGTTGATAGTATCTGAAGAGGAAGGGACGGCTAACTCTGTGCCAGCAGCCGCGGTAATACAGAGGTCTCAAGCGTTGTTCGGATTCATTGGGCGTAAAGGGTGCGTAGGTGGCGAGGTAAGTCGGATGTGAAATCTCCAAGCTCAACTTGGAAACTGCATTCGATACTGCTTTGCTAGAGGATTGTAGAGGGCATTGGAATTCACGGTGTAGCAGTGAAATGCGTAGATATCGTGAGGAAGACCAGTGGCGAAGGCGAATGCCTGGGCAATTCCTGACACTGAGGCACGAAGGCCAGGGGAGCAAACG	Bacteria	Verrucomicrobia	Spartobacteria	Spartobacteria_genera_incertae_sedis	Spartobacteria_genera_incertae_sedis	Spartobacteria_genera_incertae_sedis				SMHIFiltrated16S17	5981
seq_10	TGGGGAATATTGGGCAATGGAGGAAACTCTGACCCAGCGACGCCGCGTGCGGGATGAAGGCCTTCGGGTTGTAAACCGCTTTCAGCAGGGAAGAAGCGAAAGTGACGGTACCTGCAGAAGAAGCACCGGCTAACTATGTGCCAGCAGCCGCGGTAATACATAGGGTGCAAGCGTTGTCCGGAATTATTGGGCGTAAAGAGCTCGTAGGTGGTTCGTCACGTCGGATGTGAAACTCTGGGGCTTAACCCCAGACCTGCATTCGATACGGGCGAGCTTGAGTATGGTAGGGGAGTCTGGAATTCCTGGTGTAGCGGTGGAATGCGCAGATATCAGGAGGAACACCAATGGCGAAGGCAGGACTCTGGGCCATTACTGACACTGAGGAGCGAAAGCGTGGGGAGCGAACA	Bacteria	Actinobacteria	Actinobacteria	Actinomycetales						SMHIFiltrated16S17	724
seq_100	TGAGGAATATTGGTCAATGGGCGCAAGCCTGAACCAGCCATGCCGCGTGCAGGAAGAATGCCCTATGGGTTGTAAACTGCTTTTATTTAGGAATAAACTCTTGTACGTGTACAAGCCTGAAGGTACTAAATGAATAAGCACCGGCTAACTCCGTGCCAGCAGCCGCGGTAATACGGAGGGTGCAAGCGTTATCCGGAATCATTGGGTTTAAAGGGTCCGCAGGCGGATTTATAAGTCAGTGGTGAAATCCTATCGCTTAACGATAGAACTGCCATTGATACTGTAAGTCTTGAATTCGGTCGAAGTGGGCGGAATGTGTAGTGTAGCGGTGAAATGCATAGATATTACACAGAACACCGATAGCGAAGGCAGCTCACTAGGCCTGGATTGACGCTCAGGGACGAAAGCGTGGGGATCAAACA	Bacteria	Bacteroidetes	Flavobacteriia	Flavobacteriales	Cryomorphaceae					SMHIFiltrated16S17	413
seq_1	TCGAGAATTTTTCACAATGGGGGAAACCCTGATGGAGCGACGCCGCGTGGAGGATGAAGGTTTTCGGATTGTAAACTCCTGTCATTAGAGAACAAGGCACATGGTTTAACTGGCCGTGTGTTGATAGTATCTGAAGAGGAAGGGACGGCTAACTCTGTGCCAGCAGCCGCGGTAATACAGAGGTCTCAAGCGTTGTTCGGATTCATTGGGCGTAAAGGGTGCGTAGGTGGCGAGGTAAGTCGGATGTGAAATCTCCAAGCTCAACTTGGAAACTGCATTCGATACTGCTTTGCTAGAGGATTGTAGAGGGCATTGGAATTCACGGTGTAGCAGTGAAATGCGTAGATATCGTGAGGAAGACCAGTGGCGAAGGCGAATGCCTGGGCAATTCCTGACACTGAGGCACGAAGGCCAGGGGAGCAAACG	Bacteria	Verrucomicrobia	Spartobacteria	Spartobacteria_genera_incertae_sedis	Spartobacteria_genera_incertae_sedis	Spartobacteria_genera_incertae_sedis				SMHIFiltrated16S18	7084
seq_10	TGGGGAATATTGGGCAATGGAGGAAACTCTGACCCAGCGACGCCGCGTGCGGGATGAAGGCCTTCGGGTTGTAAACCGCTTTCAGCAGGGAAGAAGCGAAAGTGACGGTACCTGCAGAAGAAGCACCGGCTAACTATGTGCCAGCAGCCGCGGTAATACATAGGGTGCAAGCGTTGTCCGGAATTATTGGGCGTAAAGAGCTCGTAGGTGGTTCGTCACGTCGGATGTGAAACTCTGGGGCTTAACCCCAGACCTGCATTCGATACGGGCGAGCTTGAGTATGGTAGGGGAGTCTGGAATTCCTGGTGTAGCGGTGGAATGCGCAGATATCAGGAGGAACACCAATGGCGAAGGCAGGACTCTGGGCCATTACTGACACTGAGGAGCGAAAGCGTGGGGAGCGAACA	Bacteria	Actinobacteria	Actinobacteria	Actinomycetales						SMHIFiltrated16S18	989
seq_1	TCGAGAATTTTTCACAATGGGGGAAACCCTGATGGAGCGACGCCGCGTGGAGGATGAAGGTTTTCGGATTGTAAACTCCTGTCATTAGAGAACAAGGCACATGGTTTAACTGGCCGTGTGTTGATAGTATCTGAAGAGGAAGGGACGGCTAACTCTGTGCCAGCAGCCGCGGTAATACAGAGGTCTCAAGCGTTGTTCGGATTCATTGGGCGTAAAGGGTGCGTAGGTGGCGAGGTAAGTCGGATGTGAAATCTCCAAGCTCAACTTGGAAACTGCATTCGATACTGCTTTGCTAGAGGATTGTAGAGGGCATTGGAATTCACGGTGTAGCAGTGAAATGCGTAGATATCGTGAGGAAGACCAGTGGCGAAGGCGAATGCCTGGGCAATTCCTGACACTGAGGCACGAAGGCCAGGGGAGCAAACG	Bacteria	Verrucomicrobia	Spartobacteria	Spartobacteria_genera_incertae_sedis	Spartobacteria_genera_incertae_sedis	Spartobacteria_genera_incertae_sedis				SMHIFiltrated16S19	6256
seq_10	TGGGGAATATTGGGCAATGGAGGAAACTCTGACCCAGCGACGCCGCGTGCGGGATGAAGGCCTTCGGGTTGTAAACCGCTTTCAGCAGGGAAGAAGCGAAAGTGACGGTACCTGCAGAAGAAGCACCGGCTAACTATGTGCCAGCAGCCGCGGTAATACATAGGGTGCAAGCGTTGTCCGGAATTATTGGGCGTAAAGAGCTCGTAGGTGGTTCGTCACGTCGGATGTGAAACTCTGGGGCTTAACCCCAGACCTGCATTCGATACGGGCGAGCTTGAGTATGGTAGGGGAGTCTGGAATTCCTGGTGTAGCGGTGGAATGCGCAGATATCAGGAGGAACACCAATGGCGAAGGCAGGACTCTGGGCCATTACTGACACTGAGGAGCGAAAGCGTGGGGAGCGAACA	Bacteria	Actinobacteria	Actinobacteria	Actinomycetales						SMHIFiltrated16S19	1138
seq_1	TCGAGAATTTTTCACAATGGGGGAAACCCTGATGGAGCGACGCCGCGTGGAGGATGAAGGTTTTCGGATTGTAAACTCCTGTCATTAGAGAACAAGGCACATGGTTTAACTGGCCGTGTGTTGATAGTATCTGAAGAGGAAGGGACGGCTAACTCTGTGCCAGCAGCCGCGGTAATACAGAGGTCTCAAGCGTTGTTCGGATTCATTGGGCGTAAAGGGTGCGTAGGTGGCGAGGTAAGTCGGATGTGAAATCTCCAAGCTCAACTTGGAAACTGCATTCGATACTGCTTTGCTAGAGGATTGTAGAGGGCATTGGAATTCACGGTGTAGCAGTGAAATGCGTAGATATCGTGAGGAAGACCAGTGGCGAAGGCGAATGCCTGGGCAATTCCTGACACTGAGGCACGAAGGCCAGGGGAGCAAACG	Bacteria	Verrucomicrobia	Spartobacteria	Spartobacteria_genera_incertae_sedis	Spartobacteria_genera_incertae_sedis	Spartobacteria_genera_incertae_sedis				SMHIFiltrated16S1	2062
seq_10	TGGGGAATATTGGGCAATGGAGGAAACTCTGACCCAGCGACGCCGCGTGCGGGATGAAGGCCTTCGGGTTGTAAACCGCTTTCAGCAGGGAAGAAGCGAAAGTGACGGTACCTGCAGAAGAAGCACCGGCTAACTATGTGCCAGCAGCCGCGGTAATACATAGGGTGCAAGCGTTGTCCGGAATTATTGGGCGTAAAGAGCTCGTAGGTGGTTCGTCACGTCGGATGTGAAACTCTGGGGCTTAACCCCAGACCTGCATTCGATACGGGCGAGCTTGAGTATGGTAGGGGAGTCTGGAATTCCTGGTGTAGCGGTGGAATGCGCAGATATCAGGAGGAACACCAATGGCGAAGGCAGGACTCTGGGCCATTACTGACACTGAGGAGCGAAAGCGTGGGGAGCGAACA	Bacteria	Actinobacteria	Actinobacteria	Actinomycetales						SMHIFiltrated16S1	118
seq_1	TCGAGAATTTTTCACAATGGGGGAAACCCTGATGGAGCGACGCCGCGTGGAGGATGAAGGTTTTCGGATTGTAAACTCCTGTCATTAGAGAACAAGGCACATGGTTTAACTGGCCGTGTGTTGATAGTATCTGAAGAGGAAGGGACGGCTAACTCTGTGCCAGCAGCCGCGGTAATACAGAGGTCTCAAGCGTTGTTCGGATTCATTGGGCGTAAAGGGTGCGTAGGTGGCGAGGTAAGTCGGATGTGAAATCTCCAAGCTCAACTTGGAAACTGCATTCGATACTGCTTTGCTAGAGGATTGTAGAGGGCATTGGAATTCACGGTGTAGCAGTGAAATGCGTAGATATCGTGAGGAAGACCAGTGGCGAAGGCGAATGCCTGGGCAATTCCTGACACTGAGGCACGAAGGCCAGGGGAGCAAACG	Bacteria	Verrucomicrobia	Spartobacteria	Spartobacteria_genera_incertae_sedis	Spartobacteria_genera_incertae_sedis	Spartobacteria_genera_incertae_sedis				SMHIFiltrated16S20	3926
seq_10	TGGGGAATATTGGGCAATGGAGGAAACTCTGACCCAGCGACGCCGCGTGCGGGATGAAGGCCTTCGGGTTGTAAACCGCTTTCAGCAGGGAAGAAGCGAAAGTGACGGTACCTGCAGAAGAAGCACCGGCTAACTATGTGCCAGCAGCCGCGGTAATACATAGGGTGCAAGCGTTGTCCGGAATTATTGGGCGTAAAGAGCTCGTAGGTGGTTCGTCACGTCGGATGTGAAACTCTGGGGCTTAACCCCAGACCTGCATTCGATACGGGCGAGCTTGAGTATGGTAGGGGAGTCTGGAATTCCTGGTGTAGCGGTGGAATGCGCAGATATCAGGAGGAACACCAATGGCGAAGGCAGGACTCTGGGCCATTACTGACACTGAGGAGCGAAAGCGTGGGGAGCGAACA	Bacteria	Actinobacteria	Actinobacteria	Actinomycetales						SMHIFiltrated16S20	657
seq_1	TCGAGAATTTTTCACAATGGGGGAAACCCTGATGGAGCGACGCCGCGTGGAGGATGAAGGTTTTCGGATTGTAAACTCCTGTCATTAGAGAACAAGGCACATGGTTTAACTGGCCGTGTGTTGATAGTATCTGAAGAGGAAGGGACGGCTAACTCTGTGCCAGCAGCCGCGGTAATACAGAGGTCTCAAGCGTTGTTCGGATTCATTGGGCGTAAAGGGTGCGTAGGTGGCGAGGTAAGTCGGATGTGAAATCTCCAAGCTCAACTTGGAAACTGCATTCGATACTGCTTTGCTAGAGGATTGTAGAGGGCATTGGAATTCACGGTGTAGCAGTGAAATGCGTAGATATCGTGAGGAAGACCAGTGGCGAAGGCGAATGCCTGGGCAATTCCTGACACTGAGGCACGAAGGCCAGGGGAGCAAACG	Bacteria	Verrucomicrobia	Spartobacteria	Spartobacteria_genera_incertae_sedis	Spartobacteria_genera_incertae_sedis	Spartobacteria_genera_incertae_sedis				SMHIFiltrated16S21	76
seq_1	TCGAGAATTTTTCACAATGGGGGAAACCCTGATGGAGCGACGCCGCGTGGAGGATGAAGGTTTTCGGATTGTAAACTCCTGTCATTAGAGAACAAGGCACATGGTTTAACTGGCCGTGTGTTGATAGTATCTGAAGAGGAAGGGACGGCTAACTCTGTGCCAGCAGCCGCGGTAATACAGAGGTCTCAAGCGTTGTTCGGATTCATTGGGCGTAAAGGGTGCGTAGGTGGCGAGGTAAGTCGGATGTGAAATCTCCAAGCTCAACTTGGAAACTGCATTCGATACTGCTTTGCTAGAGGATTGTAGAGGGCATTGGAATTCACGGTGTAGCAGTGAAATGCGTAGATATCGTGAGGAAGACCAGTGGCGAAGGCGAATGCCTGGGCAATTCCTGACACTGAGGCACGAAGGCCAGGGGAGCAAACG	Bacteria	Verrucomicrobia	Spartobacteria	Spartobacteria_genera_incertae_sedis	Spartobacteria_genera_incertae_sedis	Spartobacteria_genera_incertae_sedis				SMHIFiltrated16S22	69
seq_1	TCGAGAATTTTTCACAATGGGGGAAACCCTGATGGAGCGACGCCGCGTGGAGGATGAAGGTTTTCGGATTGTAAACTCCTGTCATTAGAGAACAAGGCACATGGTTTAACTGGCCGTGTGTTGATAGTATCTGAAGAGGAAGGGACGGCTAACTCTGTGCCAGCAGCCGCGGTAATACAGAGGTCTCAAGCGTTGTTCGGATTCATTGGGCGTAAAGGGTGCGTAGGTGGCGAGGTAAGTCGGATGTGAAATCTCCAAGCTCAACTTGGAAACTGCATTCGATACTGCTTTGCTAGAGGATTGTAGAGGGCATTGGAATTCACGGTGTAGCAGTGAAATGCGTAGATATCGTGAGGAAGACCAGTGGCGAAGGCGAATGCCTGGGCAATTCCTGACACTGAGGCACGAAGGCCAGGGGAGCAAACG	Bacteria	Verrucomicrobia	Spartobacteria	Spartobacteria_genera_incertae_sedis	Spartobacteria_genera_incertae_sedis	Spartobacteria_genera_incertae_sedis				SMHIFiltrated16S2	14351
seq_10	TGGGGAATATTGGGCAATGGAGGAAACTCTGACCCAGCGACGCCGCGTGCGGGATGAAGGCCTTCGGGTTGTAAACCGCTTTCAGCAGGGAAGAAGCGAAAGTGACGGTACCTGCAGAAGAAGCACCGGCTAACTATGTGCCAGCAGCCGCGGTAATACATAGGGTGCAAGCGTTGTCCGGAATTATTGGGCGTAAAGAGCTCGTAGGTGGTTCGTCACGTCGGATGTGAAACTCTGGGGCTTAACCCCAGACCTGCATTCGATACGGGCGAGCTTGAGTATGGTAGGGGAGTCTGGAATTCCTGGTGTAGCGGTGGAATGCGCAGATATCAGGAGGAACACCAATGGCGAAGGCAGGACTCTGGGCCATTACTGACACTGAGGAGCGAAAGCGTGGGGAGCGAACA	Bacteria	Actinobacteria	Actinobacteria	Actinomycetales						SMHIFiltrated16S2	1072
seq_1	TCGAGAATTTTTCACAATGGGGGAAACCCTGATGGAGCGACGCCGCGTGGAGGATGAAGGTTTTCGGATTGTAAACTCCTGTCATTAGAGAACAAGGCACATGGTTTAACTGGCCGTGTGTTGATAGTATCTGAAGAGGAAGGGACGGCTAACTCTGTGCCAGCAGCCGCGGTAATACAGAGGTCTCAAGCGTTGTTCGGATTCATTGGGCGTAAAGGGTGCGTAGGTGGCGAGGTAAGTCGGATGTGAAATCTCCAAGCTCAACTTGGAAACTGCATTCGATACTGCTTTGCTAGAGGATTGTAGAGGGCATTGGAATTCACGGTGTAGCAGTGAAATGCGTAGATATCGTGAGGAAGACCAGTGGCGAAGGCGAATGCCTGGGCAATTCCTGACACTGAGGCACGAAGGCCAGGGGAGCAAACG	Bacteria	Verrucomicrobia	Spartobacteria	Spartobacteria_genera_incertae_sedis	Spartobacteria_genera_incertae_sedis	Spartobacteria_genera_incertae_sedis				SMHIFiltrated16S3	11440
seq_10	TGGGGAATATTGGGCAATGGAGGAAACTCTGACCCAGCGACGCCGCGTGCGGGATGAAGGCCTTCGGGTTGTAAACCGCTTTCAGCAGGGAAGAAGCGAAAGTGACGGTACCTGCAGAAGAAGCACCGGCTAACTATGTGCCAGCAGCCGCGGTAATACATAGGGTGCAAGCGTTGTCCGGAATTATTGGGCGTAAAGAGCTCGTAGGTGGTTCGTCACGTCGGATGTGAAACTCTGGGGCTTAACCCCAGACCTGCATTCGATACGGGCGAGCTTGAGTATGGTAGGGGAGTCTGGAATTCCTGGTGTAGCGGTGGAATGCGCAGATATCAGGAGGAACACCAATGGCGAAGGCAGGACTCTGGGCCATTACTGACACTGAGGAGCGAAAGCGTGGGGAGCGAACA	Bacteria	Actinobacteria	Actinobacteria	Actinomycetales						SMHIFiltrated16S3	2089
seq_100	TGAGGAATATTGGTCAATGGGCGCAAGCCTGAACCAGCCATGCCGCGTGCAGGAAGAATGCCCTATGGGTTGTAAACTGCTTTTATTTAGGAATAAACTCTTGTACGTGTACAAGCCTGAAGGTACTAAATGAATAAGCACCGGCTAACTCCGTGCCAGCAGCCGCGGTAATACGGAGGGTGCAAGCGTTATCCGGAATCATTGGGTTTAAAGGGTCCGCAGGCGGATTTATAAGTCAGTGGTGAAATCCTATCGCTTAACGATAGAACTGCCATTGATACTGTAAGTCTTGAATTCGGTCGAAGTGGGCGGAATGTGTAGTGTAGCGGTGAAATGCATAGATATTACACAGAACACCGATAGCGAAGGCAGCTCACTAGGCCTGGATTGACGCTCAGGGACGAAAGCGTGGGGATCAAACA	Bacteria	Bacteroidetes	Flavobacteriia	Flavobacteriales	Cryomorphaceae					SMHIFiltrated16S3	1168
seq_1	TCGAGAATTTTTCACAATGGGGGAAACCCTGATGGAGCGACGCCGCGTGGAGGATGAAGGTTTTCGGATTGTAAACTCCTGTCATTAGAGAACAAGGCACATGGTTTAACTGGCCGTGTGTTGATAGTATCTGAAGAGGAAGGGACGGCTAACTCTGTGCCAGCAGCCGCGGTAATACAGAGGTCTCAAGCGTTGTTCGGATTCATTGGGCGTAAAGGGTGCGTAGGTGGCGAGGTAAGTCGGATGTGAAATCTCCAAGCTCAACTTGGAAACTGCATTCGATACTGCTTTGCTAGAGGATTGTAGAGGGCATTGGAATTCACGGTGTAGCAGTGAAATGCGTAGATATCGTGAGGAAGACCAGTGGCGAAGGCGAATGCCTGGGCAATTCCTGACACTGAGGCACGAAGGCCAGGGGAGCAAACG	Bacteria	Verrucomicrobia	Spartobacteria	Spartobacteria_genera_incertae_sedis	Spartobacteria_genera_incertae_sedis	Spartobacteria_genera_incertae_sedis				SMHIFiltrated16S4	9950
seq_10	TGGGGAATATTGGGCAATGGAGGAAACTCTGACCCAGCGACGCCGCGTGCGGGATGAAGGCCTTCGGGTTGTAAACCGCTTTCAGCAGGGAAGAAGCGAAAGTGACGGTACCTGCAGAAGAAGCACCGGCTAACTATGTGCCAGCAGCCGCGGTAATACATAGGGTGCAAGCGTTGTCCGGAATTATTGGGCGTAAAGAGCTCGTAGGTGGTTCGTCACGTCGGATGTGAAACTCTGGGGCTTAACCCCAGACCTGCATTCGATACGGGCGAGCTTGAGTATGGTAGGGGAGTCTGGAATTCCTGGTGTAGCGGTGGAATGCGCAGATATCAGGAGGAACACCAATGGCGAAGGCAGGACTCTGGGCCATTACTGACACTGAGGAGCGAAAGCGTGGGGAGCGAACA	Bacteria	Actinobacteria	Actinobacteria	Actinomycetales						SMHIFiltrated16S4	2307
seq_100	TGAGGAATATTGGTCAATGGGCGCAAGCCTGAACCAGCCATGCCGCGTGCAGGAAGAATGCCCTATGGGTTGTAAACTGCTTTTATTTAGGAATAAACTCTTGTACGTGTACAAGCCTGAAGGTACTAAATGAATAAGCACCGGCTAACTCCGTGCCAGCAGCCGCGGTAATACGGAGGGTGCAAGCGTTATCCGGAATCATTGGGTTTAAAGGGTCCGCAGGCGGATTTATAAGTCAGTGGTGAAATCCTATCGCTTAACGATAGAACTGCCATTGATACTGTAAGTCTTGAATTCGGTCGAAGTGGGCGGAATGTGTAGTGTAGCGGTGAAATGCATAGATATTACACAGAACACCGATAGCGAAGGCAGCTCACTAGGCCTGGATTGACGCTCAGGGACGAAAGCGTGGGGATCAAACA	Bacteria	Bacteroidetes	Flavobacteriia	Flavobacteriales	Cryomorphaceae					SMHIFiltrated16S4	851
seq_1	TCGAGAATTTTTCACAATGGGGGAAACCCTGATGGAGCGACGCCGCGTGGAGGATGAAGGTTTTCGGATTGTAAACTCCTGTCATTAGAGAACAAGGCACATGGTTTAACTGGCCGTGTGTTGATAGTATCTGAAGAGGAAGGGACGGCTAACTCTGTGCCAGCAGCCGCGGTAATACAGAGGTCTCAAGCGTTGTTCGGATTCATTGGGCGTAAAGGGTGCGTAGGTGGCGAGGTAAGTCGGATGTGAAATCTCCAAGCTCAACTTGGAAACTGCATTCGATACTGCTTTGCTAGAGGATTGTAGAGGGCATTGGAATTCACGGTGTAGCAGTGAAATGCGTAGATATCGTGAGGAAGACCAGTGGCGAAGGCGAATGCCTGGGCAATTCCTGACACTGAGGCACGAAGGCCAGGGGAGCAAACG	Bacteria	Verrucomicrobia	Spartobacteria	Spartobacteria_genera_incertae_sedis	Spartobacteria_genera_incertae_sedis	Spartobacteria_genera_incertae_sedis				SMHIFiltrated16S5	3571
seq_10	TGGGGAATATTGGGCAATGGAGGAAACTCTGACCCAGCGACGCCGCGTGCGGGATGAAGGCCTTCGGGTTGTAAACCGCTTTCAGCAGGGAAGAAGCGAAAGTGACGGTACCTGCAGAAGAAGCACCGGCTAACTATGTGCCAGCAGCCGCGGTAATACATAGGGTGCAAGCGTTGTCCGGAATTATTGGGCGTAAAGAGCTCGTAGGTGGTTCGTCACGTCGGATGTGAAACTCTGGGGCTTAACCCCAGACCTGCATTCGATACGGGCGAGCTTGAGTATGGTAGGGGAGTCTGGAATTCCTGGTGTAGCGGTGGAATGCGCAGATATCAGGAGGAACACCAATGGCGAAGGCAGGACTCTGGGCCATTACTGACACTGAGGAGCGAAAGCGTGGGGAGCGAACA	Bacteria	Actinobacteria	Actinobacteria	Actinomycetales						SMHIFiltrated16S5	2435
seq_100	TGAGGAATATTGGTCAATGGGCGCAAGCCTGAACCAGCCATGCCGCGTGCAGGAAGAATGCCCTATGGGTTGTAAACTGCTTTTATTTAGGAATAAACTCTTGTACGTGTACAAGCCTGAAGGTACTAAATGAATAAGCACCGGCTAACTCCGTGCCAGCAGCCGCGGTAATACGGAGGGTGCAAGCGTTATCCGGAATCATTGGGTTTAAAGGGTCCGCAGGCGGATTTATAAGTCAGTGGTGAAATCCTATCGCTTAACGATAGAACTGCCATTGATACTGTAAGTCTTGAATTCGGTCGAAGTGGGCGGAATGTGTAGTGTAGCGGTGAAATGCATAGATATTACACAGAACACCGATAGCGAAGGCAGCTCACTAGGCCTGGATTGACGCTCAGGGACGAAAGCGTGGGGATCAAACA	Bacteria	Bacteroidetes	Flavobacteriia	Flavobacteriales	Cryomorphaceae					SMHIFiltrated16S5	72
seq_1000	GCTTTTATACGGGAATAAACCCAGATACGTGTATCTGGCTGAATGTACCGTAAGAATAAGGATCGGCTAACTCCGTGCCAGCAGCCGCGGTAATACGGAGGATCCAAGCGTTATCCGGATTCATTGGGTTTAAAGGGTGCGTAGGCGGATTTGTAAGTCAGTGGTGAAATCCTGCAGCTTAACTGTAGAACTGCCATTGATACTGCAAGTCTTGAGTGTGTTTGAAGTGGGCGGAATGTGTCATGTAGCGGTGAAATGCTTAGAGATGACACAGAACACCGATTGCGTAGGCAGCTCACTAAGCCACAACTGACGCTGAGGCACGAAAGCGTGGGGATCAAACA	Bacteria	Bacteroidetes								SMHIFiltrated16S5	7
seq_1	TCGAGAATTTTTCACAATGGGGGAAACCCTGATGGAGCGACGCCGCGTGGAGGATGAAGGTTTTCGGATTGTAAACTCCTGTCATTAGAGAACAAGGCACATGGTTTAACTGGCCGTGTGTTGATAGTATCTGAAGAGGAAGGGACGGCTAACTCTGTGCCAGCAGCCGCGGTAATACAGAGGTCTCAAGCGTTGTTCGGATTCATTGGGCGTAAAGGGTGCGTAGGTGGCGAGGTAAGTCGGATGTGAAATCTCCAAGCTCAACTTGGAAACTGCATTCGATACTGCTTTGCTAGAGGATTGTAGAGGGCATTGGAATTCACGGTGTAGCAGTGAAATGCGTAGATATCGTGAGGAAGACCAGTGGCGAAGGCGAATGCCTGGGCAATTCCTGACACTGAGGCACGAAGGCCAGGGGAGCAAACG	Bacteria	Verrucomicrobia	Spartobacteria	Spartobacteria_genera_incertae_sedis	Spartobacteria_genera_incertae_sedis	Spartobacteria_genera_incertae_sedis				SMHIFiltrated16S6	8394
seq_10	TGGGGAATATTGGGCAATGGAGGAAACTCTGACCCAGCGACGCCGCGTGCGGGATGAAGGCCTTCGGGTTGTAAACCGCTTTCAGCAGGGAAGAAGCGAAAGTGACGGTACCTGCAGAAGAAGCACCGGCTAACTATGTGCCAGCAGCCGCGGTAATACATAGGGTGCAAGCGTTGTCCGGAATTATTGGGCGTAAAGAGCTCGTAGGTGGTTCGTCACGTCGGATGTGAAACTCTGGGGCTTAACCCCAGACCTGCATTCGATACGGGCGAGCTTGAGTATGGTAGGGGAGTCTGGAATTCCTGGTGTAGCGGTGGAATGCGCAGATATCAGGAGGAACACCAATGGCGAAGGCAGGACTCTGGGCCATTACTGACACTGAGGAGCGAAAGCGTGGGGAGCGAACA	Bacteria	Actinobacteria	Actinobacteria	Actinomycetales						SMHIFiltrated16S6	960
seq_1000	GCTTTTATACGGGAATAAACCCAGATACGTGTATCTGGCTGAATGTACCGTAAGAATAAGGATCGGCTAACTCCGTGCCAGCAGCCGCGGTAATACGGAGGATCCAAGCGTTATCCGGATTCATTGGGTTTAAAGGGTGCGTAGGCGGATTTGTAAGTCAGTGGTGAAATCCTGCAGCTTAACTGTAGAACTGCCATTGATACTGCAAGTCTTGAGTGTGTTTGAAGTGGGCGGAATGTGTCATGTAGCGGTGAAATGCTTAGAGATGACACAGAACACCGATTGCGTAGGCAGCTCACTAAGCCACAACTGACGCTGAGGCACGAAAGCGTGGGGATCAAACA	Bacteria	Bacteroidetes								SMHIFiltrated16S6	18
seq_1	TCGAGAATTTTTCACAATGGGGGAAACCCTGATGGAGCGACGCCGCGTGGAGGATGAAGGTTTTCGGATTGTAAACTCCTGTCATTAGAGAACAAGGCACATGGTTTAACTGGCCGTGTGTTGATAGTATCTGAAGAGGAAGGGACGGCTAACTCTGTGCCAGCAGCCGCGGTAATACAGAGGTCTCAAGCGTTGTTCGGATTCATTGGGCGTAAAGGGTGCGTAGGTGGCGAGGTAAGTCGGATGTGAAATCTCCAAGCTCAACTTGGAAACTGCATTCGATACTGCTTTGCTAGAGGATTGTAGAGGGCATTGGAATTCACGGTGTAGCAGTGAAATGCGTAGATATCGTGAGGAAGACCAGTGGCGAAGGCGAATGCCTGGGCAATTCCTGACACTGAGGCACGAAGGCCAGGGGAGCAAACG	Bacteria	Verrucomicrobia	Spartobacteria	Spartobacteria_genera_incertae_sedis	Spartobacteria_genera_incertae_sedis	Spartobacteria_genera_incertae_sedis				SMHIFiltrated16S7	7507
seq_10	TGGGGAATATTGGGCAATGGAGGAAACTCTGACCCAGCGACGCCGCGTGCGGGATGAAGGCCTTCGGGTTGTAAACCGCTTTCAGCAGGGAAGAAGCGAAAGTGACGGTACCTGCAGAAGAAGCACCGGCTAACTATGTGCCAGCAGCCGCGGTAATACATAGGGTGCAAGCGTTGTCCGGAATTATTGGGCGTAAAGAGCTCGTAGGTGGTTCGTCACGTCGGATGTGAAACTCTGGGGCTTAACCCCAGACCTGCATTCGATACGGGCGAGCTTGAGTATGGTAGGGGAGTCTGGAATTCCTGGTGTAGCGGTGGAATGCGCAGATATCAGGAGGAACACCAATGGCGAAGGCAGGACTCTGGGCCATTACTGACACTGAGGAGCGAAAGCGTGGGGAGCGAACA	Bacteria	Actinobacteria	Actinobacteria	Actinomycetales						SMHIFiltrated16S7	682
seq_100	TGAGGAATATTGGTCAATGGGCGCAAGCCTGAACCAGCCATGCCGCGTGCAGGAAGAATGCCCTATGGGTTGTAAACTGCTTTTATTTAGGAATAAACTCTTGTACGTGTACAAGCCTGAAGGTACTAAATGAATAAGCACCGGCTAACTCCGTGCCAGCAGCCGCGGTAATACGGAGGGTGCAAGCGTTATCCGGAATCATTGGGTTTAAAGGGTCCGCAGGCGGATTTATAAGTCAGTGGTGAAATCCTATCGCTTAACGATAGAACTGCCATTGATACTGTAAGTCTTGAATTCGGTCGAAGTGGGCGGAATGTGTAGTGTAGCGGTGAAATGCATAGATATTACACAGAACACCGATAGCGAAGGCAGCTCACTAGGCCTGGATTGACGCTCAGGGACGAAAGCGTGGGGATCAAACA	Bacteria	Bacteroidetes	Flavobacteriia	Flavobacteriales	Cryomorphaceae					SMHIFiltrated16S7	363
seq_1000	GCTTTTATACGGGAATAAACCCAGATACGTGTATCTGGCTGAATGTACCGTAAGAATAAGGATCGGCTAACTCCGTGCCAGCAGCCGCGGTAATACGGAGGATCCAAGCGTTATCCGGATTCATTGGGTTTAAAGGGTGCGTAGGCGGATTTGTAAGTCAGTGGTGAAATCCTGCAGCTTAACTGTAGAACTGCCATTGATACTGCAAGTCTTGAGTGTGTTTGAAGTGGGCGGAATGTGTCATGTAGCGGTGAAATGCTTAGAGATGACACAGAACACCGATTGCGTAGGCAGCTCACTAAGCCACAACTGACGCTGAGGCACGAAAGCGTGGGGATCAAACA	Bacteria	Bacteroidetes								SMHIFiltrated16S7	24
seq_1	TCGAGAATTTTTCACAATGGGGGAAACCCTGATGGAGCGACGCCGCGTGGAGGATGAAGGTTTTCGGATTGTAAACTCCTGTCATTAGAGAACAAGGCACATGGTTTAACTGGCCGTGTGTTGATAGTATCTGAAGAGGAAGGGACGGCTAACTCTGTGCCAGCAGCCGCGGTAATACAGAGGTCTCAAGCGTTGTTCGGATTCATTGGGCGTAAAGGGTGCGTAGGTGGCGAGGTAAGTCGGATGTGAAATCTCCAAGCTCAACTTGGAAACTGCATTCGATACTGCTTTGCTAGAGGATTGTAGAGGGCATTGGAATTCACGGTGTAGCAGTGAAATGCGTAGATATCGTGAGGAAGACCAGTGGCGAAGGCGAATGCCTGGGCAATTCCTGACACTGAGGCACGAAGGCCAGGGGAGCAAACG	Bacteria	Verrucomicrobia	Spartobacteria	Spartobacteria_genera_incertae_sedis	Spartobacteria_genera_incertae_sedis	Spartobacteria_genera_incertae_sedis				SMHIFiltrated16S8	7674
seq_10	TGGGGAATATTGGGCAATGGAGGAAACTCTGACCCAGCGACGCCGCGTGCGGGATGAAGGCCTTCGGGTTGTAAACCGCTTTCAGCAGGGAAGAAGCGAAAGTGACGGTACCTGCAGAAGAAGCACCGGCTAACTATGTGCCAGCAGCCGCGGTAATACATAGGGTGCAAGCGTTGTCCGGAATTATTGGGCGTAAAGAGCTCGTAGGTGGTTCGTCACGTCGGATGTGAAACTCTGGGGCTTAACCCCAGACCTGCATTCGATACGGGCGAGCTTGAGTATGGTAGGGGAGTCTGGAATTCCTGGTGTAGCGGTGGAATGCGCAGATATCAGGAGGAACACCAATGGCGAAGGCAGGACTCTGGGCCATTACTGACACTGAGGAGCGAAAGCGTGGGGAGCGAACA	Bacteria	Actinobacteria	Actinobacteria	Actinomycetales						SMHIFiltrated16S8	539
seq_1000	GCTTTTATACGGGAATAAACCCAGATACGTGTATCTGGCTGAATGTACCGTAAGAATAAGGATCGGCTAACTCCGTGCCAGCAGCCGCGGTAATACGGAGGATCCAAGCGTTATCCGGATTCATTGGGTTTAAAGGGTGCGTAGGCGGATTTGTAAGTCAGTGGTGAAATCCTGCAGCTTAACTGTAGAACTGCCATTGATACTGCAAGTCTTGAGTGTGTTTGAAGTGGGCGGAATGTGTCATGTAGCGGTGAAATGCTTAGAGATGACACAGAACACCGATTGCGTAGGCAGCTCACTAAGCCACAACTGACGCTGAGGCACGAAAGCGTGGGGATCAAACA	Bacteria	Bacteroidetes								SMHIFiltrated16S8	9
seq_1	TCGAGAATTTTTCACAATGGGGGAAACCCTGATGGAGCGACGCCGCGTGGAGGATGAAGGTTTTCGGATTGTAAACTCCTGTCATTAGAGAACAAGGCACATGGTTTAACTGGCCGTGTGTTGATAGTATCTGAAGAGGAAGGGACGGCTAACTCTGTGCCAGCAGCCGCGGTAATACAGAGGTCTCAAGCGTTGTTCGGATTCATTGGGCGTAAAGGGTGCGTAGGTGGCGAGGTAAGTCGGATGTGAAATCTCCAAGCTCAACTTGGAAACTGCATTCGATACTGCTTTGCTAGAGGATTGTAGAGGGCATTGGAATTCACGGTGTAGCAGTGAAATGCGTAGATATCGTGAGGAAGACCAGTGGCGAAGGCGAATGCCTGGGCAATTCCTGACACTGAGGCACGAAGGCCAGGGGAGCAAACG	Bacteria	Verrucomicrobia	Spartobacteria	Spartobacteria_genera_incertae_sedis	Spartobacteria_genera_incertae_sedis	Spartobacteria_genera_incertae_sedis				SMHIFiltrated16S9	8688
seq_10	TGGGGAATATTGGGCAATGGAGGAAACTCTGACCCAGCGACGCCGCGTGCGGGATGAAGGCCTTCGGGTTGTAAACCGCTTTCAGCAGGGAAGAAGCGAAAGTGACGGTACCTGCAGAAGAAGCACCGGCTAACTATGTGCCAGCAGCCGCGGTAATACATAGGGTGCAAGCGTTGTCCGGAATTATTGGGCGTAAAGAGCTCGTAGGTGGTTCGTCACGTCGGATGTGAAACTCTGGGGCTTAACCCCAGACCTGCATTCGATACGGGCGAGCTTGAGTATGGTAGGGGAGTCTGGAATTCCTGGTGTAGCGGTGGAATGCGCAGATATCAGGAGGAACACCAATGGCGAAGGCAGGACTCTGGGCCATTACTGACACTGAGGAGCGAAAGCGTGGGGAGCGAACA	Bacteria	Actinobacteria	Actinobacteria	Actinomycetales						SMHIFiltrated16S9	557
